Domain,Type,Sponsoring Organization,Date
.aaa,generic,"American Automobile Association, Inc.",2025-07-19
.aarp,generic,AARP,2025-07-19
.abarth,generic,Not assigned,2025-07-19
.abb,generic,ABB Ltd,2025-07-19
.abbott,generic,"Abbott Laboratories, Inc.",2025-07-19
.abbvie,generic,AbbVie Inc.,2025-07-19
.abc,generic,"Disney Enterprises, Inc.",2025-07-19
.able,generic,Able Inc.,2025-07-19
.abogado,generic,"Registry Services, LLC",2025-07-19
.abudhabi,generic,Abu Dhabi Systems and Information Centre,2025-07-19
.academy,generic,"Binky Moon, LLC",2025-07-19
.accenture,generic,Accenture plc,2025-07-19
.accountant,generic,dot Accountant Limited,2025-07-19
.accountants,generic,"Binky Moon, LLC",2025-07-19
.aco,generic,ACO Severin Ahlmann GmbH & Co. KG,2025-07-19
.active,generic,Not assigned,2025-07-19
.actor,generic,"Dog Beach, LLC",2025-07-19
.adac,generic,Not assigned,2025-07-19
.ads,generic,Charleston Road Registry Inc.,2025-07-19
.adult,generic,ICM Registry AD LLC,2025-07-19
.aeg,generic,Aktiebolaget Electrolux,2025-07-19
.aetna,generic,Aetna Life Insurance Company,2025-07-19
.afamilycompany,generic,Not assigned,2025-07-19
.afl,generic,Australian Football League,2025-07-19
.africa,generic,ZA Central Registry NPC trading as Registry.Africa,2025-07-19
.agakhan,generic,Fondation Aga Khan (Aga Khan Foundation),2025-07-19
.agency,generic,"Binky Moon, LLC",2025-07-19
.aig,generic,"American International Group, Inc.",2025-07-19
.aigo,generic,Not assigned,2025-07-19
.airbus,generic,Airbus S.A.S.,2025-07-19
.airforce,generic,"Dog Beach, LLC",2025-07-19
.airtel,generic,Bharti Airtel Limited,2025-07-19
.akdn,generic,Fondation Aga Khan (Aga Khan Foundation),2025-07-19
.alfaromeo,generic,Not assigned,2025-07-19
.alibaba,generic,Alibaba Group Holding Limited,2025-07-19
.alipay,generic,Alibaba Group Holding Limited,2025-07-19
.allfinanz,generic,Allfinanz Deutsche Vermögensberatung Aktiengesellschaft,2025-07-19
.allstate,generic,Allstate Fire and Casualty Insurance Company,2025-07-19
.ally,generic,Ally Financial Inc.,2025-07-19
.alsace,generic,REGION GRAND EST,2025-07-19
.alstom,generic,ALSTOM,2025-07-19
.amazon,generic,"Amazon Registry Services, Inc.",2025-07-19
.americanexpress,generic,"American Express Travel Related Services Company, Inc.",2025-07-19
.americanfamily,generic,"AmFam, Inc.",2025-07-19
.amex,generic,"American Express Travel Related Services Company, Inc.",2025-07-19
.amfam,generic,"AmFam, Inc.",2025-07-19
.amica,generic,Amica Mutual Insurance Company,2025-07-19
.amsterdam,generic,Gemeente Amsterdam,2025-07-19
.analytics,generic,Campus IP LLC,2025-07-19
.android,generic,Charleston Road Registry Inc.,2025-07-19
.anquan,generic,QIHOO 360 TECHNOLOGY CO. LTD.,2025-07-19
.anz,generic,Australia and New Zealand Banking Group Limited,2025-07-19
.aol,generic,Yahoo Inc.,2025-07-19
.apartments,generic,"Binky Moon, LLC",2025-07-19
.app,generic,Charleston Road Registry Inc.,2025-07-19
.apple,generic,Apple Inc.,2025-07-19
.aquarelle,generic,Aquarelle.com,2025-07-19
.arab,generic,League of Arab States,2025-07-19
.aramco,generic,Aramco Services Company,2025-07-19
.archi,generic,Identity Digital Limited,2025-07-19
.army,generic,"Dog Beach, LLC",2025-07-19
.art,generic,UK Creative Ideas Limited,2025-07-19
.arte,generic,Association Relative à la Télévision Européenne G.E.I.E.,2025-07-19
.asda,generic,Asda Stores Limited,2025-07-19
.associates,generic,"Binky Moon, LLC",2025-07-19
.athleta,generic,"The Gap, Inc.",2025-07-19
.attorney,generic,"Dog Beach, LLC",2025-07-19
.auction,generic,"Dog Beach, LLC",2025-07-19
.audi,generic,AUDI Aktiengesellschaft,2025-07-19
.audible,generic,"Amazon Registry Services, Inc.",2025-07-19
.audio,generic,XYZ.COM LLC,2025-07-19
.auspost,generic,Australian Postal Corporation,2025-07-19
.author,generic,"Amazon Registry Services, Inc.",2025-07-19
.auto,generic,XYZ.COM LLC,2025-07-19
.autos,generic,XYZ.COM LLC,2025-07-19
.avianca,generic,Not assigned,2025-07-19
.aws,generic,AWS Registry LLC,2025-07-19
.axa,generic,AXA Group Operations SAS,2025-07-19
.azure,generic,Microsoft Corporation,2025-07-19
.baby,generic,XYZ.COM LLC,2025-07-19
.baidu,generic,"Baidu, Inc.",2025-07-19
.banamex,generic,Citigroup Inc.,2025-07-19
.bananarepublic,generic,Not assigned,2025-07-19
.band,generic,"Dog Beach, LLC",2025-07-19
.bank,generic,"fTLD Registry Services, LLC",2025-07-19
.bar,generic,Punto 2012 Sociedad Anonima Promotora de Inversion de Capital Variable,2025-07-19
.barcelona,generic,Municipi de Barcelona,2025-07-19
.barclaycard,generic,Barclays Bank PLC,2025-07-19
.barclays,generic,Barclays Bank PLC,2025-07-19
.barefoot,generic,"Gallo Vineyards, Inc.",2025-07-19
.bargains,generic,"Binky Moon, LLC",2025-07-19
.baseball,generic,"MLB Advanced Media DH, LLC",2025-07-19
.basketball,generic,Fédération Internationale de Basketball (FIBA),2025-07-19
.bauhaus,generic,Werkhaus GmbH,2025-07-19
.bayern,generic,Bayern Connect GmbH,2025-07-19
.bbc,generic,British Broadcasting Corporation,2025-07-19
.bbt,generic,BB&T Corporation,2025-07-19
.bbva,generic,"BANCO BILBAO VIZCAYA ARGENTARIA, S.A.",2025-07-19
.bcg,generic,"The Boston Consulting Group, Inc.",2025-07-19
.bcn,generic,Municipi de Barcelona,2025-07-19
.beats,generic,"Beats Electronics, LLC",2025-07-19
.beauty,generic,XYZ.COM LLC,2025-07-19
.beer,generic,"Registry Services, LLC",2025-07-19
.bentley,generic,Not assigned,2025-07-19
.berlin,generic,dotBERLIN GmbH & Co. KG,2025-07-19
.best,generic,BestTLD Pty Ltd,2025-07-19
.bestbuy,generic,"BBY Solutions, Inc.",2025-07-19
.bet,generic,Identity Digital Limited,2025-07-19
.bharti,generic,Bharti Enterprises (Holding) Private Limited,2025-07-19
.bible,generic,American Bible Society,2025-07-19
.bid,generic,dot Bid Limited,2025-07-19
.bike,generic,"Binky Moon, LLC",2025-07-19
.bing,generic,Microsoft Corporation,2025-07-19
.bingo,generic,"Binky Moon, LLC",2025-07-19
.bio,generic,Identity Digital Limited,2025-07-19
.black,generic,Identity Digital Limited,2025-07-19
.blackfriday,generic,"Registry Services, LLC",2025-07-19
.blanco,generic,Not assigned,2025-07-19
.blockbuster,generic,Dish DBS Corporation,2025-07-19
.blog,generic,"Knock Knock WHOIS There, LLC",2025-07-19
.bloomberg,generic,Bloomberg IP Holdings LLC,2025-07-19
.blue,generic,Identity Digital Limited,2025-07-19
.bms,generic,Bristol-Myers Squibb Company,2025-07-19
.bmw,generic,Bayerische Motoren Werke Aktiengesellschaft,2025-07-19
.bnl,generic,Not assigned,2025-07-19
.bnpparibas,generic,BNP Paribas,2025-07-19
.boats,generic,XYZ.COM LLC,2025-07-19
.boehringer,generic,Boehringer Ingelheim International GmbH,2025-07-19
.bofa,generic,Bank of America Corporation,2025-07-19
.bom,generic,Núcleo de Informação e Coordenação do Ponto BR - NIC.br,2025-07-19
.bond,generic,Shortdot SA,2025-07-19
.boo,generic,Charleston Road Registry Inc.,2025-07-19
.book,generic,"Amazon Registry Services, Inc.",2025-07-19
.booking,generic,Booking.com B.V.,2025-07-19
.boots,generic,Not assigned,2025-07-19
.bosch,generic,Robert Bosch GMBH,2025-07-19
.bostik,generic,Bostik SA,2025-07-19
.boston,generic,"Registry Services, LLC",2025-07-19
.bot,generic,"Amazon Registry Services, Inc.",2025-07-19
.boutique,generic,"Binky Moon, LLC",2025-07-19
.box,generic,Intercap Registry Inc.,2025-07-19
.bradesco,generic,Banco Bradesco S.A.,2025-07-19
.bridgestone,generic,Bridgestone Corporation,2025-07-19
.broadway,generic,"Celebrate Broadway, Inc.",2025-07-19
.broker,generic,"Dog Beach, LLC",2025-07-19
.brother,generic,"Brother Industries, Ltd.",2025-07-19
.brussels,generic,DNS.be vzw,2025-07-19
.budapest,generic,Not assigned,2025-07-19
.bugatti,generic,Not assigned,2025-07-19
.build,generic,Plan Bee LLC,2025-07-19
.builders,generic,"Binky Moon, LLC",2025-07-19
.business,generic,"Binky Moon, LLC",2025-07-19
.buy,generic,"Amazon Registry Services, INC",2025-07-19
.buzz,generic,DOTSTRATEGY CO.,2025-07-19
.bzh,generic,Association www.bzh,2025-07-19
.cab,generic,"Binky Moon, LLC",2025-07-19
.cafe,generic,"Binky Moon, LLC",2025-07-19
.cal,generic,Charleston Road Registry Inc.,2025-07-19
.call,generic,"Amazon Registry Services, Inc.",2025-07-19
.calvinklein,generic,PVH gTLD Holdings LLC,2025-07-19
.cam,generic,CAM Connecting SARL,2025-07-19
.camera,generic,"Binky Moon, LLC",2025-07-19
.camp,generic,"Binky Moon, LLC",2025-07-19
.cancerresearch,generic,Not assigned,2025-07-19
.canon,generic,Canon Inc.,2025-07-19
.capetown,generic,ZA Central Registry NPC trading as ZA Central Registry,2025-07-19
.capital,generic,"Binky Moon, LLC",2025-07-19
.capitalone,generic,Capital One Financial Corporation,2025-07-19
.car,generic,XYZ.COM LLC,2025-07-19
.caravan,generic,"Caravan International, Inc.",2025-07-19
.cards,generic,"Binky Moon, LLC",2025-07-19
.care,generic,"Binky Moon, LLC",2025-07-19
.career,generic,dotCareer LLC,2025-07-19
.careers,generic,"Binky Moon, LLC",2025-07-19
.cars,generic,XYZ.COM LLC,2025-07-19
.cartier,generic,Not assigned,2025-07-19
.casa,generic,"Registry Services, LLC",2025-07-19
.case,generic,"Digity, LLC",2025-07-19
.caseih,generic,Not assigned,2025-07-19
.cash,generic,"Binky Moon, LLC",2025-07-19
.casino,generic,"Binky Moon, LLC",2025-07-19
.catering,generic,"Binky Moon, LLC",2025-07-19
.catholic,generic,Pontificium Consilium de Comunicationibus Socialibus (PCCS) (Pontifical Council for Social Communication),2025-07-19
.cba,generic,COMMONWEALTH BANK OF AUSTRALIA,2025-07-19
.cbn,generic,"The Christian Broadcasting Network, Inc.",2025-07-19
.cbre,generic,"CBRE, Inc.",2025-07-19
.cbs,generic,Not assigned,2025-07-19
.ceb,generic,Not assigned,2025-07-19
.center,generic,"Binky Moon, LLC",2025-07-19
.ceo,generic,XYZ.COM LLC,2025-07-19
.cern,generic,"European Organization for Nuclear Research (""CERN"")",2025-07-19
.cfa,generic,CFA Institute,2025-07-19
.cfd,generic,Shortdot SA,2025-07-19
.chanel,generic,Chanel International B.V.,2025-07-19
.channel,generic,Charleston Road Registry Inc.,2025-07-19
.charity,generic,Public Interest Registry (PIR),2025-07-19
.chase,generic,"JPMorgan Chase Bank, National Association",2025-07-19
.chat,generic,"Binky Moon, LLC",2025-07-19
.cheap,generic,"Binky Moon, LLC",2025-07-19
.chintai,generic,CHINTAI Corporation,2025-07-19
.chloe,generic,Not assigned,2025-07-19
.christmas,generic,XYZ.COM LLC,2025-07-19
.chrome,generic,Charleston Road Registry Inc.,2025-07-19
.chrysler,generic,Not assigned,2025-07-19
.church,generic,"Binky Moon, LLC",2025-07-19
.cipriani,generic,Hotel Cipriani Srl,2025-07-19
.circle,generic,"Amazon Registry Services, Inc.",2025-07-19
.cisco,generic,"Cisco Technology, Inc.",2025-07-19
.citadel,generic,Citadel Domain LLC,2025-07-19
.citi,generic,Citigroup Inc.,2025-07-19
.citic,generic,CITIC Group Corporation,2025-07-19
.city,generic,"Binky Moon, LLC",2025-07-19
.cityeats,generic,Not assigned,2025-07-19
.claims,generic,"Binky Moon, LLC",2025-07-19
.cleaning,generic,"Binky Moon, LLC",2025-07-19
.click,generic,Internet Naming Co.,2025-07-19
.clinic,generic,"Binky Moon, LLC",2025-07-19
.clinique,generic,The Estée Lauder Companies Inc.,2025-07-19
.clothing,generic,"Binky Moon, LLC",2025-07-19
.cloud,generic,ARUBA PEC S.p.A.,2025-07-19
.club,generic,"Registry Services, LLC",2025-07-19
.clubmed,generic,Club Méditerranée S.A.,2025-07-19
.coach,generic,"Binky Moon, LLC",2025-07-19
.codes,generic,"Binky Moon, LLC",2025-07-19
.coffee,generic,"Binky Moon, LLC",2025-07-19
.college,generic,XYZ.COM LLC,2025-07-19
.cologne,generic,dotKoeln GmbH,2025-07-19
.com,generic,VeriSign Global Registry Services,2025-07-19
.comcast,generic,Not assigned,2025-07-19
.commbank,generic,COMMONWEALTH BANK OF AUSTRALIA,2025-07-19
.community,generic,"Binky Moon, LLC",2025-07-19
.company,generic,"Binky Moon, LLC",2025-07-19
.compare,generic,"Registry Services, LLC",2025-07-19
.computer,generic,"Binky Moon, LLC",2025-07-19
.comsec,generic,"VeriSign, Inc.",2025-07-19
.condos,generic,"Binky Moon, LLC",2025-07-19
.construction,generic,"Binky Moon, LLC",2025-07-19
.consulting,generic,"Dog Beach, LLC",2025-07-19
.contact,generic,"Dog Beach, LLC",2025-07-19
.contractors,generic,"Binky Moon, LLC",2025-07-19
.cooking,generic,"Registry Services, LLC",2025-07-19
.cookingchannel,generic,Not assigned,2025-07-19
.cool,generic,"Binky Moon, LLC",2025-07-19
.corsica,generic,Collectivité de Corse,2025-07-19
.country,generic,Internet Naming Co.,2025-07-19
.coupon,generic,"Amazon Registry Services, Inc.",2025-07-19
.coupons,generic,"Binky Moon, LLC",2025-07-19
.courses,generic,"Registry Services, LLC",2025-07-19
.cpa,generic,American Institute of Certified Public Accountants,2025-07-19
.credit,generic,"Binky Moon, LLC",2025-07-19
.creditcard,generic,"Binky Moon, LLC",2025-07-19
.creditunion,generic,"DotCooperation, LLC",2025-07-19
.cricket,generic,dot Cricket Limited,2025-07-19
.crown,generic,Crown Equipment Corporation,2025-07-19
.crs,generic,Federated Co-operatives Limited,2025-07-19
.cruise,generic,Viking River Cruises (Bermuda) Ltd.,2025-07-19
.cruises,generic,"Binky Moon, LLC",2025-07-19
.csc,generic,Not assigned,2025-07-19
.cuisinella,generic,SCHMIDT GROUPE S.A.S.,2025-07-19
.cymru,generic,Nominet UK,2025-07-19
.cyou,generic,Shortdot SA,2025-07-19
.dabur,generic,Not assigned,2025-07-19
.dad,generic,Charleston Road Registry Inc.,2025-07-19
.dance,generic,"Dog Beach, LLC",2025-07-19
.data,generic,Dish DBS Corporation,2025-07-19
.date,generic,dot Date Limited,2025-07-19
.dating,generic,"Binky Moon, LLC",2025-07-19
.datsun,generic,"NISSAN MOTOR CO., LTD.",2025-07-19
.day,generic,Charleston Road Registry Inc.,2025-07-19
.dclk,generic,Charleston Road Registry Inc.,2025-07-19
.dds,generic,"Registry Services, LLC",2025-07-19
.deal,generic,"Amazon Registry Services, Inc.",2025-07-19
.dealer,generic,Intercap Registry Inc.,2025-07-19
.deals,generic,"Binky Moon, LLC",2025-07-19
.degree,generic,"Dog Beach, LLC",2025-07-19
.delivery,generic,"Binky Moon, LLC",2025-07-19
.dell,generic,Dell Inc.,2025-07-19
.deloitte,generic,Deloitte Touche Tohmatsu,2025-07-19
.delta,generic,"Delta Air Lines, Inc.",2025-07-19
.democrat,generic,"Dog Beach, LLC",2025-07-19
.dental,generic,"Binky Moon, LLC",2025-07-19
.dentist,generic,"Dog Beach, LLC",2025-07-19
.desi,generic,Emergency Back-End Registry Operator Program - ICANN,2025-07-19
.design,generic,"Registry Services, LLC",2025-07-19
.dev,generic,Charleston Road Registry Inc.,2025-07-19
.dhl,generic,Deutsche Post AG,2025-07-19
.diamonds,generic,"Binky Moon, LLC",2025-07-19
.diet,generic,XYZ.COM LLC,2025-07-19
.digital,generic,"Binky Moon, LLC",2025-07-19
.direct,generic,"Binky Moon, LLC",2025-07-19
.directory,generic,"Binky Moon, LLC",2025-07-19
.discount,generic,"Binky Moon, LLC",2025-07-19
.discover,generic,Discover Financial Services,2025-07-19
.dish,generic,Dish DBS Corporation,2025-07-19
.diy,generic,Internet Naming Co.,2025-07-19
.dnp,generic,"Dai Nippon Printing Co., Ltd.",2025-07-19
.docs,generic,Charleston Road Registry Inc.,2025-07-19
.doctor,generic,"Binky Moon, LLC",2025-07-19
.dodge,generic,Not assigned,2025-07-19
.dog,generic,"Binky Moon, LLC",2025-07-19
.doha,generic,Not assigned,2025-07-19
.domains,generic,"Binky Moon, LLC",2025-07-19
.doosan,generic,Not assigned,2025-07-19
.dot,generic,Dish DBS Corporation,2025-07-19
.download,generic,dot Support Limited,2025-07-19
.drive,generic,Charleston Road Registry Inc.,2025-07-19
.dtv,generic,Dish DBS Corporation,2025-07-19
.dubai,generic,Dubai Smart Government Department,2025-07-19
.duck,generic,Not assigned,2025-07-19
.dunlop,generic,The Goodyear Tire & Rubber Company,2025-07-19
.duns,generic,Not assigned,2025-07-19
.dupont,generic,"DuPont Specialty Products USA, LLC",2025-07-19
.durban,generic,ZA Central Registry NPC trading as ZA Central Registry,2025-07-19
.dvag,generic,Deutsche Vermögensberatung Aktiengesellschaft DVAG,2025-07-19
.dvr,generic,DISH Technologies L.L.C.,2025-07-19
.earth,generic,Interlink Systems Innovation Institute K.K.,2025-07-19
.eat,generic,Charleston Road Registry Inc.,2025-07-19
.eco,generic,Big Room Inc.,2025-07-19
.edeka,generic,EDEKA Verband kaufmännischer Genossenschaften e.V.,2025-07-19
.education,generic,"Binky Moon, LLC",2025-07-19
.email,generic,"Binky Moon, LLC",2025-07-19
.emerck,generic,Merck KGaA,2025-07-19
.emerson,generic,Not assigned,2025-07-19
.energy,generic,"Binky Moon, LLC",2025-07-19
.engineer,generic,"Dog Beach, LLC",2025-07-19
.engineering,generic,"Binky Moon, LLC",2025-07-19
.enterprises,generic,"Binky Moon, LLC",2025-07-19
.epost,generic,Not assigned,2025-07-19
.epson,generic,Seiko Epson Corporation,2025-07-19
.equipment,generic,"Binky Moon, LLC",2025-07-19
.ericsson,generic,Telefonaktiebolaget L M Ericsson,2025-07-19
.erni,generic,ERNI Group Holding AG,2025-07-19
.esq,generic,Charleston Road Registry Inc.,2025-07-19
.estate,generic,"Binky Moon, LLC",2025-07-19
.esurance,generic,Not assigned,2025-07-19
.etisalat,generic,Not assigned,2025-07-19
.eurovision,generic,European Broadcasting Union (EBU),2025-07-19
.eus,generic,Puntueus Fundazioa,2025-07-19
.events,generic,"Binky Moon, LLC",2025-07-19
.everbank,generic,Not assigned,2025-07-19
.exchange,generic,"Binky Moon, LLC",2025-07-19
.expert,generic,"Binky Moon, LLC",2025-07-19
.exposed,generic,"Binky Moon, LLC",2025-07-19
.express,generic,"Binky Moon, LLC",2025-07-19
.extraspace,generic,Extra Space Storage LLC,2025-07-19
.fage,generic,Fage International S.A.,2025-07-19
.fail,generic,"Binky Moon, LLC",2025-07-19
.fairwinds,generic,"FairWinds Partners, LLC",2025-07-19
.faith,generic,dot Faith Limited,2025-07-19
.family,generic,"Dog Beach, LLC",2025-07-19
.fan,generic,"Dog Beach, LLC",2025-07-19
.fans,generic,ZDNS International Limited,2025-07-19
.farm,generic,"Binky Moon, LLC",2025-07-19
.farmers,generic,Farmers Insurance Exchange,2025-07-19
.fashion,generic,"Registry Services, LLC",2025-07-19
.fast,generic,"Amazon Registry Services, Inc.",2025-07-19
.fedex,generic,Federal Express Corporation,2025-07-19
.feedback,generic,"Top Level Spectrum, Inc.",2025-07-19
.ferrari,generic,Fiat Chrysler Automobiles N.V.,2025-07-19
.ferrero,generic,Ferrero Trading Lux S.A.,2025-07-19
.fiat,generic,Not assigned,2025-07-19
.fidelity,generic,Fidelity Brokerage Services LLC,2025-07-19
.fido,generic,Rogers Communications Canada Inc.,2025-07-19
.film,generic,Motion Picture Domain Registry Pty Ltd,2025-07-19
.final,generic,Núcleo de Informação e Coordenação do Ponto BR - NIC.br,2025-07-19
.finance,generic,"Binky Moon, LLC",2025-07-19
.financial,generic,"Binky Moon, LLC",2025-07-19
.fire,generic,"Amazon Registry Services, Inc.",2025-07-19
.firestone,generic,"Bridgestone Licensing Services, Inc.",2025-07-19
.firmdale,generic,Firmdale Holdings Limited,2025-07-19
.fish,generic,"Binky Moon, LLC",2025-07-19
.fishing,generic,"Registry Services, LLC",2025-07-19
.fit,generic,"Registry Services, LLC",2025-07-19
.fitness,generic,"Binky Moon, LLC",2025-07-19
.flickr,generic,"Flickr, Inc.",2025-07-19
.flights,generic,"Binky Moon, LLC",2025-07-19
.flir,generic,"FLIR Systems, Inc.",2025-07-19
.florist,generic,"Binky Moon, LLC",2025-07-19
.flowers,generic,XYZ.COM LLC,2025-07-19
.flsmidth,generic,Not assigned,2025-07-19
.fly,generic,Charleston Road Registry Inc.,2025-07-19
.foo,generic,Charleston Road Registry Inc.,2025-07-19
.food,generic,Internet Naming Co.,2025-07-19
.foodnetwork,generic,Not assigned,2025-07-19
.football,generic,"Binky Moon, LLC",2025-07-19
.ford,generic,Ford Motor Company,2025-07-19
.forex,generic,"Dog Beach, LLC",2025-07-19
.forsale,generic,"Dog Beach, LLC",2025-07-19
.forum,generic,"Fegistry, LLC",2025-07-19
.foundation,generic,Public Interest Registry (PIR),2025-07-19
.fox,generic,"FOX Registry, LLC",2025-07-19
.free,generic,"Amazon Registry Services, Inc.",2025-07-19
.fresenius,generic,Fresenius Immobilien-Verwaltungs-GmbH,2025-07-19
.frl,generic,FRLregistry B.V.,2025-07-19
.frogans,generic,OP3FT,2025-07-19
.frontdoor,generic,Not assigned,2025-07-19
.frontier,generic,Frontier Communications Corporation,2025-07-19
.ftr,generic,Frontier Communications Corporation,2025-07-19
.fujitsu,generic,Fujitsu Limited,2025-07-19
.fujixerox,generic,Not assigned,2025-07-19
.fun,generic,Radix Technologies Inc.,2025-07-19
.fund,generic,"Binky Moon, LLC",2025-07-19
.furniture,generic,"Binky Moon, LLC",2025-07-19
.futbol,generic,"Dog Beach, LLC",2025-07-19
.fyi,generic,"Binky Moon, LLC",2025-07-19
.gal,generic,Asociación puntoGAL,2025-07-19
.gallery,generic,"Binky Moon, LLC",2025-07-19
.gallo,generic,"Gallo Vineyards, Inc.",2025-07-19
.gallup,generic,"Gallup, Inc.",2025-07-19
.game,generic,XYZ.COM LLC,2025-07-19
.games,generic,"Dog Beach, LLC",2025-07-19
.gap,generic,"The Gap, Inc.",2025-07-19
.garden,generic,"Registry Services, LLC",2025-07-19
.gay,generic,"Registry Services, LLC",2025-07-19
.gbiz,generic,Charleston Road Registry Inc.,2025-07-19
.gdn,generic,"Joint Stock Company ""Navigation-information systems""",2025-07-19
.gea,generic,GEA Group Aktiengesellschaft,2025-07-19
.gent,generic,Combell nv,2025-07-19
.genting,generic,Resorts World Inc. Pte. Ltd.,2025-07-19
.george,generic,"Wal-Mart Stores, Inc.",2025-07-19
.ggee,generic,"GMO Internet, Inc.",2025-07-19
.gift,generic,"Uniregistry, Corp.",2025-07-19
.gifts,generic,"Binky Moon, LLC",2025-07-19
.gives,generic,Public Interest Registry (PIR),2025-07-19
.giving,generic,Public Interest Registry (PIR),2025-07-19
.glade,generic,Not assigned,2025-07-19
.glass,generic,"Binky Moon, LLC",2025-07-19
.gle,generic,Charleston Road Registry Inc.,2025-07-19
.global,generic,Identity Digital Limited,2025-07-19
.globo,generic,Globo Comunicação e Participações S.A,2025-07-19
.gmail,generic,Charleston Road Registry Inc.,2025-07-19
.gmbh,generic,"Binky Moon, LLC",2025-07-19
.gmo,generic,"GMO Internet, Inc.",2025-07-19
.gmx,generic,1&1 Mail & Media GmbH,2025-07-19
.godaddy,generic,"Go Daddy East, LLC",2025-07-19
.gold,generic,"Binky Moon, LLC",2025-07-19
.goldpoint,generic,"YODOBASHI CAMERA CO.,LTD.",2025-07-19
.golf,generic,"Binky Moon, LLC",2025-07-19
.goo,generic,NTT Resonant Inc.,2025-07-19
.goodhands,generic,Not assigned,2025-07-19
.goodyear,generic,The Goodyear Tire & Rubber Company,2025-07-19
.goog,generic,Charleston Road Registry Inc.,2025-07-19
.google,generic,Charleston Road Registry Inc.,2025-07-19
.gop,generic,"Republican State Leadership Committee, Inc.",2025-07-19
.got,generic,"Amazon Registry Services, Inc.",2025-07-19
.grainger,generic,"Grainger Registry Services, LLC",2025-07-19
.graphics,generic,"Binky Moon, LLC",2025-07-19
.gratis,generic,"Binky Moon, LLC",2025-07-19
.green,generic,Identity Digital Limited,2025-07-19
.gripe,generic,"Binky Moon, LLC",2025-07-19
.grocery,generic,"Wal-Mart Stores, Inc.",2025-07-19
.group,generic,"Binky Moon, LLC",2025-07-19
.guardian,generic,Not assigned,2025-07-19
.gucci,generic,Guccio Gucci S.p.a.,2025-07-19
.guge,generic,Charleston Road Registry Inc.,2025-07-19
.guide,generic,"Binky Moon, LLC",2025-07-19
.guitars,generic,XYZ.COM LLC,2025-07-19
.guru,generic,"Binky Moon, LLC",2025-07-19
.hair,generic,XYZ.COM LLC,2025-07-19
.hamburg,generic,Hamburg Top-Level-Domain GmbH,2025-07-19
.hangout,generic,Charleston Road Registry Inc.,2025-07-19
.haus,generic,"Dog Beach, LLC",2025-07-19
.hbo,generic,"HBO Registry Services, Inc.",2025-07-19
.hdfc,generic,HOUSING DEVELOPMENT FINANCE CORPORATION LIMITED,2025-07-19
.hdfcbank,generic,HDFC Bank Limited,2025-07-19
.health,generic,"Registry Services, LLC",2025-07-19
.healthcare,generic,"Binky Moon, LLC",2025-07-19
.help,generic,Innovation Service Ltd,2025-07-19
.helsinki,generic,City of Helsinki,2025-07-19
.here,generic,Charleston Road Registry Inc.,2025-07-19
.hermes,generic,Hermes International,2025-07-19
.hgtv,generic,Not assigned,2025-07-19
.hiphop,generic,"Dot Hip Hop, LLC",2025-07-19
.hisamitsu,generic,"Hisamitsu Pharmaceutical Co.,Inc.",2025-07-19
.hitachi,generic,"Hitachi, Ltd.",2025-07-19
.hiv,generic,Internet Naming Co.,2025-07-19
.hkt,generic,PCCW-HKT DataCom Services Limited,2025-07-19
.hockey,generic,"Binky Moon, LLC",2025-07-19
.holdings,generic,"Binky Moon, LLC",2025-07-19
.holiday,generic,"Binky Moon, LLC",2025-07-19
.homedepot,generic,"Home Depot Product Authority, LLC",2025-07-19
.homegoods,generic,"The TJX Companies, Inc.",2025-07-19
.homes,generic,XYZ.COM LLC,2025-07-19
.homesense,generic,"The TJX Companies, Inc.",2025-07-19
.honda,generic,"Honda Motor Co., Ltd.",2025-07-19
.honeywell,generic,Not assigned,2025-07-19
.horse,generic,"Registry Services, LLC",2025-07-19
.hospital,generic,"Binky Moon, LLC",2025-07-19
.host,generic,Radix Technologies Inc.,2025-07-19
.hosting,generic,XYZ.COM LLC,2025-07-19
.hot,generic,"Amazon Registry Services, Inc.",2025-07-19
.hoteles,generic,Not assigned,2025-07-19
.hotels,generic,Booking.com B.V.,2025-07-19
.hotmail,generic,Microsoft Corporation,2025-07-19
.house,generic,"Binky Moon, LLC",2025-07-19
.how,generic,Charleston Road Registry Inc.,2025-07-19
.hsbc,generic,HSBC Global Services (UK) Limited,2025-07-19
.htc,generic,Not assigned,2025-07-19
.hughes,generic,Hughes Satellite Systems Corporation,2025-07-19
.hyatt,generic,"Hyatt GTLD, L.L.C.",2025-07-19
.hyundai,generic,Hyundai Motor Company,2025-07-19
.ibm,generic,International Business Machines Corporation,2025-07-19
.icbc,generic,Industrial and Commercial Bank of China Limited,2025-07-19
.ice,generic,"IntercontinentalExchange, Inc.",2025-07-19
.icu,generic,Shortdot SA,2025-07-19
.ieee,generic,IEEE Global LLC,2025-07-19
.ifm,generic,ifm electronic gmbh,2025-07-19
.iinet,generic,Not assigned,2025-07-19
.ikano,generic,Ikano S.A.,2025-07-19
.imamat,generic,Fondation Aga Khan (Aga Khan Foundation),2025-07-19
.imdb,generic,"Amazon Registry Services, Inc.",2025-07-19
.immo,generic,"Binky Moon, LLC",2025-07-19
.immobilien,generic,"Dog Beach, LLC",2025-07-19
.inc,generic,Intercap Registry Inc.,2025-07-19
.industries,generic,"Binky Moon, LLC",2025-07-19
.infiniti,generic,"NISSAN MOTOR CO., LTD.",2025-07-19
.info,generic,Identity Digital Limited,2025-07-19
.ing,generic,Charleston Road Registry Inc.,2025-07-19
.ink,generic,"Registry Services, LLC",2025-07-19
.institute,generic,"Binky Moon, LLC",2025-07-19
.insurance,generic,fTLD Registry Services LLC,2025-07-19
.insure,generic,"Binky Moon, LLC",2025-07-19
.intel,generic,Not assigned,2025-07-19
.international,generic,"Binky Moon, LLC",2025-07-19
.intuit,generic,"Intuit Administrative Services, Inc.",2025-07-19
.investments,generic,"Binky Moon, LLC",2025-07-19
.ipiranga,generic,Ipiranga Produtos de Petroleo S.A.,2025-07-19
.irish,generic,"Binky Moon, LLC",2025-07-19
.iselect,generic,Not assigned,2025-07-19
.ismaili,generic,Fondation Aga Khan (Aga Khan Foundation),2025-07-19
.ist,generic,Istanbul Metropolitan Municipality,2025-07-19
.istanbul,generic,Istanbul Metropolitan Municipality,2025-07-19
.itau,generic,Itau Unibanco Holding S.A.,2025-07-19
.itv,generic,ITV Services Limited,2025-07-19
.iveco,generic,Not assigned,2025-07-19
.iwc,generic,Not assigned,2025-07-19
.jaguar,generic,Jaguar Land Rover Ltd,2025-07-19
.java,generic,Oracle Corporation,2025-07-19
.jcb,generic,"JCB Co., Ltd.",2025-07-19
.jcp,generic,Not assigned,2025-07-19
.jeep,generic,FCA US LLC.,2025-07-19
.jetzt,generic,"Binky Moon, LLC",2025-07-19
.jewelry,generic,"Binky Moon, LLC",2025-07-19
.jio,generic,Reliance Industries Limited,2025-07-19
.jlc,generic,Not assigned,2025-07-19
.jll,generic,Jones Lang LaSalle Incorporated,2025-07-19
.jmp,generic,Matrix IP LLC,2025-07-19
.jnj,generic,"Johnson & Johnson Services, Inc.",2025-07-19
.joburg,generic,ZA Central Registry NPC trading as ZA Central Registry,2025-07-19
.jot,generic,"Amazon Registry Services, Inc.",2025-07-19
.joy,generic,"Amazon Registry Services, Inc.",2025-07-19
.jpmorgan,generic,"JPMorgan Chase Bank, National Association",2025-07-19
.jprs,generic,"Japan Registry Services Co., Ltd.",2025-07-19
.juegos,generic,"Dog Beach, LLC",2025-07-19
.juniper,generic,"JUNIPER NETWORKS, INC.",2025-07-19
.kaufen,generic,"Dog Beach, LLC",2025-07-19
.kddi,generic,KDDI CORPORATION,2025-07-19
.kerryhotels,generic,Kerry Trading Co. Limited,2025-07-19
.kerrylogistics,generic,Not assigned,2025-07-19
.kerryproperties,generic,Kerry Trading Co. Limited,2025-07-19
.kfh,generic,Kuwait Finance House,2025-07-19
.kia,generic,KIA MOTORS CORPORATION,2025-07-19
.kids,generic,DotKids Foundation Limited,2025-07-19
.kim,generic,Identity Digital Limited,2025-07-19
.kinder,generic,Not assigned,2025-07-19
.kindle,generic,"Amazon Registry Services, Inc.",2025-07-19
.kitchen,generic,"Binky Moon, LLC",2025-07-19
.kiwi,generic,DOT KIWI LIMITED,2025-07-19
.koeln,generic,dotKoeln GmbH,2025-07-19
.komatsu,generic,Komatsu Ltd.,2025-07-19
.kosher,generic,Kosher Marketing Assets LLC,2025-07-19
.kpmg,generic,KPMG International Cooperative (KPMG International Genossenschaft),2025-07-19
.kpn,generic,Koninklijke KPN N.V.,2025-07-19
.krd,generic,KRG Department of Information Technology,2025-07-19
.kred,generic,KredTLD Pty Ltd,2025-07-19
.kuokgroup,generic,Kerry Trading Co. Limited,2025-07-19
.kyoto,generic,Academic Institution: Kyoto Jyoho Gakuen,2025-07-19
.lacaixa,generic,"Fundación Bancaria Caixa d'Estalvis i Pensions de Barcelona, ""la Caixa""",2025-07-19
.ladbrokes,generic,Not assigned,2025-07-19
.lamborghini,generic,Automobili Lamborghini S.p.A.,2025-07-19
.lamer,generic,The Estée Lauder Companies Inc.,2025-07-19
.lancaster,generic,Not assigned,2025-07-19
.lancia,generic,Not assigned,2025-07-19
.lancome,generic,Not assigned,2025-07-19
.land,generic,"Binky Moon, LLC",2025-07-19
.landrover,generic,Jaguar Land Rover Ltd,2025-07-19
.lanxess,generic,LANXESS Corporation,2025-07-19
.lasalle,generic,Jones Lang LaSalle Incorporated,2025-07-19
.lat,generic,XYZ.COM LLC,2025-07-19
.latino,generic,Dish DBS Corporation,2025-07-19
.latrobe,generic,La Trobe University,2025-07-19
.law,generic,"Registry Services, LLC",2025-07-19
.lawyer,generic,"Dog Beach, LLC",2025-07-19
.lds,generic,"IRI Domain Management, LLC",2025-07-19
.lease,generic,"Binky Moon, LLC",2025-07-19
.leclerc,generic,A.C.D. LEC Association des Centres Distributeurs Edouard Leclerc,2025-07-19
.lefrak,generic,"LeFrak Organization, Inc.",2025-07-19
.legal,generic,"Binky Moon, LLC",2025-07-19
.lego,generic,LEGO Juris A/S,2025-07-19
.lexus,generic,TOYOTA MOTOR CORPORATION,2025-07-19
.lgbt,generic,Identity Digital Limited,2025-07-19
.liaison,generic,Not assigned,2025-07-19
.lidl,generic,Schwarz Domains und Services GmbH & Co. KG,2025-07-19
.life,generic,"Binky Moon, LLC",2025-07-19
.lifeinsurance,generic,American Council of Life Insurers,2025-07-19
.lifestyle,generic,Internet Naming Co.,2025-07-19
.lighting,generic,"Binky Moon, LLC",2025-07-19
.like,generic,"Amazon Registry Services, Inc.",2025-07-19
.lilly,generic,Eli Lilly and Company,2025-07-19
.limited,generic,"Binky Moon, LLC",2025-07-19
.limo,generic,"Binky Moon, LLC",2025-07-19
.lincoln,generic,Ford Motor Company,2025-07-19
.linde,generic,Not assigned,2025-07-19
.link,generic,Nova Registry Ltd.,2025-07-19
.lipsy,generic,Not assigned,2025-07-19
.live,generic,"Dog Beach, LLC",2025-07-19
.living,generic,Internet Naming Co.,2025-07-19
.lixil,generic,Not assigned,2025-07-19
.llc,generic,Identity Digital Limited,2025-07-19
.llp,generic,Intercap Registry Inc.,2025-07-19
.loan,generic,dot Loan Limited,2025-07-19
.loans,generic,"Binky Moon, LLC",2025-07-19
.locker,generic,Orange Domains LLC,2025-07-19
.locus,generic,Locus Analytics LLC,2025-07-19
.loft,generic,Not assigned,2025-07-19
.lol,generic,XYZ.COM LLC,2025-07-19
.london,generic,Dot London Domains Limited,2025-07-19
.lotte,generic,"Lotte Holdings Co., Ltd.",2025-07-19
.lotto,generic,Identity Digital Limited,2025-07-19
.love,generic,Waterford Limited,2025-07-19
.lpl,generic,"LPL Holdings, Inc.",2025-07-19
.lplfinancial,generic,"LPL Holdings, Inc.",2025-07-19
.ltd,generic,"Binky Moon, LLC",2025-07-19
.ltda,generic,InterNetX Corp.,2025-07-19
.lundbeck,generic,H. Lundbeck A/S,2025-07-19
.lupin,generic,Not assigned,2025-07-19
.luxe,generic,"Registry Services, LLC",2025-07-19
.luxury,generic,Luxury Partners LLC,2025-07-19
.macys,generic,Not assigned,2025-07-19
.madrid,generic,Comunidad de Madrid,2025-07-19
.maif,generic,Mutuelle Assurance Instituteur France (MAIF),2025-07-19
.maison,generic,"Binky Moon, LLC",2025-07-19
.makeup,generic,XYZ.COM LLC,2025-07-19
.man,generic,MAN Truck & Bus SE,2025-07-19
.management,generic,"Binky Moon, LLC",2025-07-19
.mango,generic,PUNTO FA S.L.,2025-07-19
.map,generic,Charleston Road Registry Inc.,2025-07-19
.market,generic,"Dog Beach, LLC",2025-07-19
.marketing,generic,"Binky Moon, LLC",2025-07-19
.markets,generic,"Dog Beach, LLC",2025-07-19
.marriott,generic,Marriott Worldwide Corporation,2025-07-19
.marshalls,generic,"The TJX Companies, Inc.",2025-07-19
.maserati,generic,Not assigned,2025-07-19
.mattel,generic,"Mattel IT Services, Inc.",2025-07-19
.mba,generic,"Binky Moon, LLC",2025-07-19
.mcd,generic,Not assigned,2025-07-19
.mcdonalds,generic,Not assigned,2025-07-19
.mckinsey,generic,"McKinsey Holdings, Inc.",2025-07-19
.med,generic,Medistry LLC,2025-07-19
.media,generic,"Binky Moon, LLC",2025-07-19
.meet,generic,Charleston Road Registry Inc.,2025-07-19
.melbourne,generic,"The Crown in right of the State of Victoria, represented by its Department of State Development, Business and Innovation",2025-07-19
.meme,generic,Charleston Road Registry Inc.,2025-07-19
.memorial,generic,"Dog Beach, LLC",2025-07-19
.men,generic,Exclusive Registry Limited,2025-07-19
.menu,generic,Dot Menu Registry LLC,2025-07-19
.meo,generic,Not assigned,2025-07-19
.merckmsd,generic,"MSD Registry Holdings, Inc.",2025-07-19
.metlife,generic,Not assigned,2025-07-19
.miami,generic,"Registry Services, LLC",2025-07-19
.microsoft,generic,Microsoft Corporation,2025-07-19
.mini,generic,Bayerische Motoren Werke Aktiengesellschaft,2025-07-19
.mint,generic,"Intuit Administrative Services, Inc.",2025-07-19
.mit,generic,Massachusetts Institute of Technology,2025-07-19
.mitsubishi,generic,Mitsubishi Corporation,2025-07-19
.mlb,generic,"MLB Advanced Media DH, LLC",2025-07-19
.mls,generic,The Canadian Real Estate Association,2025-07-19
.mma,generic,MMA IARD,2025-07-19
.mobi,generic,Identity Digital Limited,2025-07-19
.mobile,generic,Dish DBS Corporation,2025-07-19
.mobily,generic,Not assigned,2025-07-19
.moda,generic,"Dog Beach, LLC",2025-07-19
.moe,generic,Interlink Systems Innovation Institute K.K.,2025-07-19
.moi,generic,"Amazon Registry Services, Inc.",2025-07-19
.mom,generic,XYZ.COM LLC,2025-07-19
.monash,generic,Monash University,2025-07-19
.money,generic,"Binky Moon, LLC",2025-07-19
.monster,generic,XYZ.COM LLC,2025-07-19
.montblanc,generic,Not assigned,2025-07-19
.mopar,generic,Not assigned,2025-07-19
.mormon,generic,"IRI Domain Management, LLC (""Applicant"")",2025-07-19
.mortgage,generic,"Dog Beach, LLC",2025-07-19
.moscow,generic,Foundation for Assistance for Internet Technologies and Infrastructure Development (FAITID),2025-07-19
.moto,generic,"Motorola Trademark Holdings, LLC",2025-07-19
.motorcycles,generic,XYZ.COM LLC,2025-07-19
.mov,generic,Charleston Road Registry Inc.,2025-07-19
.movie,generic,"Binky Moon, LLC",2025-07-19
.movistar,generic,Not assigned,2025-07-19
.msd,generic,"MSD Registry Holdings, Inc.",2025-07-19
.mtn,generic,MTN Dubai Limited,2025-07-19
.mtpc,generic,Not assigned,2025-07-19
.mtr,generic,MTR Corporation Limited,2025-07-19
.music,generic,DotMusic Limited,2025-07-19
.mutual,generic,Not assigned,2025-07-19
.mutuelle,generic,Not assigned,2025-07-19
.nab,generic,National Australia Bank Limited,2025-07-19
.nadex,generic,Not assigned,2025-07-19
.nagoya,generic,"GMO Registry, Inc.",2025-07-19
.nationwide,generic,Not assigned,2025-07-19
.natura,generic,Not assigned,2025-07-19
.navy,generic,"Dog Beach, LLC",2025-07-19
.nba,generic,"NBA REGISTRY, LLC",2025-07-19
.nec,generic,NEC Corporation,2025-07-19
.net,generic,VeriSign Global Registry Services,2025-07-19
.netbank,generic,COMMONWEALTH BANK OF AUSTRALIA,2025-07-19
.netflix,generic,"Netflix, Inc.",2025-07-19
.network,generic,"Binky Moon, LLC",2025-07-19
.neustar,generic,"NeuStar, Inc.",2025-07-19
.new,generic,Charleston Road Registry Inc.,2025-07-19
.newholland,generic,Not assigned,2025-07-19
.news,generic,"Dog Beach, LLC",2025-07-19
.next,generic,Next plc,2025-07-19
.nextdirect,generic,Next plc,2025-07-19
.nexus,generic,Charleston Road Registry Inc.,2025-07-19
.nfl,generic,NFL Reg Ops LLC,2025-07-19
.ngo,generic,Public Interest Registry,2025-07-19
.nhk,generic,Japan Broadcasting Corporation (NHK),2025-07-19
.nico,generic,"DWANGO Co., Ltd.",2025-07-19
.nike,generic,"NIKE, Inc.",2025-07-19
.nikon,generic,NIKON CORPORATION,2025-07-19
.ninja,generic,"Dog Beach, LLC",2025-07-19
.nissan,generic,"NISSAN MOTOR CO., LTD.",2025-07-19
.nissay,generic,Nippon Life Insurance Company,2025-07-19
.nokia,generic,Nokia Corporation,2025-07-19
.northwesternmutual,generic,Not assigned,2025-07-19
.norton,generic,Gen Digital Inc.,2025-07-19
.now,generic,"Amazon Registry Services, Inc.",2025-07-19
.nowruz,generic,Emergency Back-End Registry Operator Program - ICANN,2025-07-19
.nowtv,generic,Starbucks (HK) Limited,2025-07-19
.nra,generic,"NRA Holdings Company, INC.",2025-07-19
.nrw,generic,Minds + Machines GmbH,2025-07-19
.ntt,generic,NIPPON TELEGRAPH AND TELEPHONE CORPORATION,2025-07-19
.nyc,generic,The City of New York by and through the New York City Department of Information Technology & Telecommunications,2025-07-19
.obi,generic,OBI Group Holding SE & Co. KGaA,2025-07-19
.observer,generic,"Fegistry, LLC",2025-07-19
.off,generic,Not assigned,2025-07-19
.office,generic,Microsoft Corporation,2025-07-19
.okinawa,generic,"BRregistry, Inc.",2025-07-19
.olayan,generic,Competrol (Luxembourg) Sarl,2025-07-19
.olayangroup,generic,Competrol (Luxembourg) Sarl,2025-07-19
.oldnavy,generic,Not assigned,2025-07-19
.ollo,generic,Dish DBS Corporation,2025-07-19
.omega,generic,The Swatch Group Ltd,2025-07-19
.one,generic,One.com A/S,2025-07-19
.ong,generic,Public Interest Registry,2025-07-19
.onl,generic,iRegistry GmbH,2025-07-19
.online,generic,Radix Technologies Inc. SEZC,2025-07-19
.onyourside,generic,Not assigned,2025-07-19
.ooo,generic,INFIBEAM AVENUES LIMITED,2025-07-19
.open,generic,"American Express Travel Related Services Company, Inc.",2025-07-19
.oracle,generic,Oracle Corporation,2025-07-19
.orange,generic,Orange Brand Services Limited,2025-07-19
.org,generic,Public Interest Registry (PIR),2025-07-19
.organic,generic,Identity Digital Limited,2025-07-19
.orientexpress,generic,Not assigned,2025-07-19
.origins,generic,The Estée Lauder Companies Inc.,2025-07-19
.osaka,generic,"Osaka Registry Co., Ltd.",2025-07-19
.otsuka,generic,"Otsuka Holdings Co., Ltd.",2025-07-19
.ott,generic,Dish DBS Corporation,2025-07-19
.ovh,generic,OVH SAS,2025-07-19
.page,generic,Charleston Road Registry Inc.,2025-07-19
.pamperedchef,generic,Not assigned,2025-07-19
.panasonic,generic,Panasonic Corporation,2025-07-19
.panerai,generic,Not assigned,2025-07-19
.paris,generic,City of Paris,2025-07-19
.pars,generic,Emergency Back-End Registry Operator Program - ICANN,2025-07-19
.partners,generic,"Binky Moon, LLC",2025-07-19
.parts,generic,"Binky Moon, LLC",2025-07-19
.party,generic,Blue Sky Registry Limited,2025-07-19
.passagens,generic,Not assigned,2025-07-19
.pay,generic,"Amazon Registry Services, Inc.",2025-07-19
.pccw,generic,PCCW Enterprises Limited,2025-07-19
.pet,generic,Identity Digital Limited,2025-07-19
.pfizer,generic,Pfizer Inc.,2025-07-19
.pharmacy,generic,National Association of Boards of Pharmacy,2025-07-19
.phd,generic,Charleston Road Registry Inc.,2025-07-19
.philips,generic,Koninklijke Philips N.V.,2025-07-19
.phone,generic,Dish DBS Corporation,2025-07-19
.photo,generic,"Registry Services, LLC",2025-07-19
.photography,generic,"Binky Moon, LLC",2025-07-19
.photos,generic,"Binky Moon, LLC",2025-07-19
.physio,generic,PhysBiz Pty Ltd,2025-07-19
.piaget,generic,Not assigned,2025-07-19
.pics,generic,XYZ.COM LLC,2025-07-19
.pictet,generic,Banque Pictet & Cie SA,2025-07-19
.pictures,generic,"Binky Moon, LLC",2025-07-19
.pid,generic,"Top Level Spectrum, Inc.",2025-07-19
.pin,generic,"Amazon Registry Services, Inc.",2025-07-19
.ping,generic,"Ping Registry Provider, Inc.",2025-07-19
.pink,generic,Identity Digital Limited,2025-07-19
.pioneer,generic,Pioneer Corporation,2025-07-19
.pizza,generic,"Binky Moon, LLC",2025-07-19
.place,generic,"Binky Moon, LLC",2025-07-19
.play,generic,Charleston Road Registry Inc.,2025-07-19
.playstation,generic,Sony Computer Entertainment Inc.,2025-07-19
.plumbing,generic,"Binky Moon, LLC",2025-07-19
.plus,generic,"Binky Moon, LLC",2025-07-19
.pnc,generic,"PNC Domain Co., LLC",2025-07-19
.pohl,generic,Deutsche Vermögensberatung Aktiengesellschaft DVAG,2025-07-19
.poker,generic,Identity Digital Limited,2025-07-19
.politie,generic,Politie Nederland,2025-07-19
.porn,generic,ICM Registry PN LLC,2025-07-19
.pramerica,generic,Not assigned,2025-07-19
.praxi,generic,Praxi S.p.A.,2025-07-19
.press,generic,Radix Technologies Inc.,2025-07-19
.prime,generic,"Amazon Registry Services, Inc.",2025-07-19
.prod,generic,Charleston Road Registry Inc.,2025-07-19
.productions,generic,"Binky Moon, LLC",2025-07-19
.prof,generic,Charleston Road Registry Inc.,2025-07-19
.progressive,generic,Progressive Casualty Insurance Company,2025-07-19
.promo,generic,Identity Digital Limited,2025-07-19
.properties,generic,"Binky Moon, LLC",2025-07-19
.property,generic,Digital Property Infrastructure Limited,2025-07-19
.protection,generic,XYZ.COM LLC,2025-07-19
.pru,generic,"Prudential Financial, Inc.",2025-07-19
.prudential,generic,"Prudential Financial, Inc.",2025-07-19
.pub,generic,"Dog Beach, LLC",2025-07-19
.pwc,generic,PricewaterhouseCoopers LLP,2025-07-19
.qpon,generic,DOTQPON LLC.,2025-07-19
.quebec,generic,PointQuébec Inc,2025-07-19
.quest,generic,XYZ.COM LLC,2025-07-19
.qvc,generic,Not assigned,2025-07-19
.racing,generic,Premier Registry Limited,2025-07-19
.radio,generic,European Broadcasting Union (EBU),2025-07-19
.raid,generic,Not assigned,2025-07-19
.read,generic,"Amazon Registry Services, Inc.",2025-07-19
.realestate,generic,dotRealEstate LLC,2025-07-19
.realtor,generic,Real Estate Domains LLC,2025-07-19
.realty,generic,Internet Naming Co.,2025-07-19
.recipes,generic,"Binky Moon, LLC",2025-07-19
.red,generic,Identity Digital Limited,2025-07-19
.redstone,generic,"Redstone Haute Couture Co., Ltd.",2025-07-19
.redumbrella,generic,"Travelers TLD, LLC",2025-07-19
.rehab,generic,"Dog Beach, LLC",2025-07-19
.reise,generic,"Binky Moon, LLC",2025-07-19
.reisen,generic,"Binky Moon, LLC",2025-07-19
.reit,generic,"National Association of Real Estate Investment Trusts, Inc.",2025-07-19
.reliance,generic,Reliance Industries Limited,2025-07-19
.ren,generic,ZDNS International Limited,2025-07-19
.rent,generic,XYZ.COM LLC,2025-07-19
.rentals,generic,"Binky Moon, LLC",2025-07-19
.repair,generic,"Binky Moon, LLC",2025-07-19
.report,generic,"Binky Moon, LLC",2025-07-19
.republican,generic,"Dog Beach, LLC",2025-07-19
.rest,generic,Punto 2012 Sociedad Anonima Promotora de Inversion de Capital Variable,2025-07-19
.restaurant,generic,"Binky Moon, LLC",2025-07-19
.review,generic,dot Review Limited,2025-07-19
.reviews,generic,"Dog Beach, LLC",2025-07-19
.rexroth,generic,Robert Bosch GMBH,2025-07-19
.rich,generic,iRegistry GmbH,2025-07-19
.richardli,generic,Pacific Century Asset Management (HK) Limited,2025-07-19
.ricoh,generic,"Ricoh Company, Ltd.",2025-07-19
.rightathome,generic,Not assigned,2025-07-19
.ril,generic,Reliance Industries Limited,2025-07-19
.rio,generic,Empresa Municipal de Informática SA - IPLANRIO,2025-07-19
.rip,generic,"Dog Beach, LLC",2025-07-19
.rmit,generic,Not assigned,2025-07-19
.rocher,generic,Not assigned,2025-07-19
.rocks,generic,"Dog Beach, LLC",2025-07-19
.rodeo,generic,"Registry Services, LLC",2025-07-19
.rogers,generic,Rogers Communications Canada Inc.,2025-07-19
.room,generic,"Amazon Registry Services, Inc.",2025-07-19
.rsvp,generic,Charleston Road Registry Inc.,2025-07-19
.rugby,generic,World Rugby Strategic Developments Limited,2025-07-19
.ruhr,generic,dotSaarland GmbH,2025-07-19
.run,generic,"Binky Moon, LLC",2025-07-19
.rwe,generic,RWE AG,2025-07-19
.ryukyu,generic,"BRregistry, Inc.",2025-07-19
.saarland,generic,dotSaarland GmbH,2025-07-19
.safe,generic,"Amazon Registry Services, Inc.",2025-07-19
.safety,generic,"Safety Registry Services, LLC.",2025-07-19
.sakura,generic,SAKURA internet Inc.,2025-07-19
.sale,generic,"Dog Beach, LLC",2025-07-19
.salon,generic,"Binky Moon, LLC",2025-07-19
.samsclub,generic,"Wal-Mart Stores, Inc.",2025-07-19
.samsung,generic,"SAMSUNG SDS CO., LTD",2025-07-19
.sandvik,generic,Sandvik AB,2025-07-19
.sandvikcoromant,generic,Sandvik AB,2025-07-19
.sanofi,generic,Sanofi,2025-07-19
.sap,generic,SAP AG,2025-07-19
.sapo,generic,Not assigned,2025-07-19
.sarl,generic,"Binky Moon, LLC",2025-07-19
.sas,generic,Research IP LLC,2025-07-19
.save,generic,"Amazon Registry Services, Inc.",2025-07-19
.saxo,generic,Saxo Bank A/S,2025-07-19
.sbi,generic,STATE BANK OF INDIA,2025-07-19
.sbs,generic,Shortdot SA,2025-07-19
.sca,generic,Not assigned,2025-07-19
.scb,generic,"The Siam Commercial Bank Public Company Limited (""SCB"")",2025-07-19
.schaeffler,generic,Schaeffler Technologies AG & Co. KG,2025-07-19
.schmidt,generic,SCHMIDT GROUPE S.A.S.,2025-07-19
.scholarships,generic,"Scholarships.com, LLC",2025-07-19
.school,generic,"Binky Moon, LLC",2025-07-19
.schule,generic,"Binky Moon, LLC",2025-07-19
.schwarz,generic,Schwarz Domains und Services GmbH & Co. KG,2025-07-19
.science,generic,dot Science Limited,2025-07-19
.scjohnson,generic,Not assigned,2025-07-19
.scor,generic,Not assigned,2025-07-19
.scot,generic,Dot Scot Registry Limited,2025-07-19
.search,generic,Charleston Road Registry Inc.,2025-07-19
.seat,generic,"SEAT, S.A. (Sociedad Unipersonal)",2025-07-19
.secure,generic,"Amazon Registry Services, Inc.",2025-07-19
.security,generic,XYZ.COM LLC,2025-07-19
.seek,generic,Seek Limited,2025-07-19
.select,generic,"Registry Services, LLC",2025-07-19
.sener,generic,"Sener Ingeniería y Sistemas, S.A.",2025-07-19
.services,generic,"Binky Moon, LLC",2025-07-19
.ses,generic,Not assigned,2025-07-19
.seven,generic,Seven West Media Ltd,2025-07-19
.sew,generic,SEW-EURODRIVE GmbH & Co KG,2025-07-19
.sex,generic,ICM Registry SX LLC,2025-07-19
.sexy,generic,Internet Naming Co.,2025-07-19
.sfr,generic,Societe Francaise du Radiotelephone - SFR,2025-07-19
.shangrila,generic,Shangri-La International Hotel Management Limited,2025-07-19
.sharp,generic,Sharp Corporation,2025-07-19
.shaw,generic,Not assigned,2025-07-19
.shell,generic,Shell Information Technology International Inc,2025-07-19
.shia,generic,Emergency Back-End Registry Operator Program - ICANN,2025-07-19
.shiksha,generic,Identity Digital Limited,2025-07-19
.shoes,generic,"Binky Moon, LLC",2025-07-19
.shop,generic,"GMO Registry, Inc.",2025-07-19
.shopping,generic,"Binky Moon, LLC",2025-07-19
.shouji,generic,QIHOO 360 TECHNOLOGY CO. LTD.,2025-07-19
.show,generic,"Binky Moon, LLC",2025-07-19
.showtime,generic,Not assigned,2025-07-19
.shriram,generic,Not assigned,2025-07-19
.silk,generic,"Amazon Registry Services, Inc.",2025-07-19
.sina,generic,Sina Corporation,2025-07-19
.singles,generic,"Binky Moon, LLC",2025-07-19
.site,generic,Radix Technologies Inc. SEZC,2025-07-19
.ski,generic,Identity Digital Limited,2025-07-19
.skin,generic,XYZ.COM LLC,2025-07-19
.sky,generic,Sky UK Limited,2025-07-19
.skype,generic,Microsoft Corporation,2025-07-19
.sling,generic,DISH Technologies L.L.C.,2025-07-19
.smart,generic,"Smart Communications, Inc. (SMART)",2025-07-19
.smile,generic,"Amazon Registry Services, Inc.",2025-07-19
.sncf,generic,Société Nationale SNCF,2025-07-19
.soccer,generic,"Binky Moon, LLC",2025-07-19
.social,generic,"Dog Beach, LLC",2025-07-19
.softbank,generic,SoftBank Group Corp.,2025-07-19
.software,generic,"Dog Beach, LLC",2025-07-19
.sohu,generic,Sohu.com Limited,2025-07-19
.solar,generic,"Binky Moon, LLC",2025-07-19
.solutions,generic,"Binky Moon, LLC",2025-07-19
.song,generic,"Amazon Registry Services, Inc.",2025-07-19
.sony,generic,Sony Corporation,2025-07-19
.soy,generic,Charleston Road Registry Inc.,2025-07-19
.spa,generic,Asia Spa and Wellness Promotion Council Limited,2025-07-19
.space,generic,Radix Technologies Inc.,2025-07-19
.spiegel,generic,Not assigned,2025-07-19
.sport,generic,SportAccord,2025-07-19
.spot,generic,"Amazon Registry Services, Inc.",2025-07-19
.spreadbetting,generic,Not assigned,2025-07-19
.srl,generic,InterNetX Corp.,2025-07-19
.srt,generic,Not assigned,2025-07-19
.stada,generic,STADA Arzneimittel AG,2025-07-19
.staples,generic,"Staples, Inc.",2025-07-19
.star,generic,Star India Private Limited,2025-07-19
.starhub,generic,Not assigned,2025-07-19
.statebank,generic,STATE BANK OF INDIA,2025-07-19
.statefarm,generic,State Farm Mutual Automobile Insurance Company,2025-07-19
.statoil,generic,Not assigned,2025-07-19
.stc,generic,Saudi Telecom Company,2025-07-19
.stcgroup,generic,Saudi Telecom Company,2025-07-19
.stockholm,generic,Stockholms kommun,2025-07-19
.storage,generic,XYZ.COM LLC,2025-07-19
.store,generic,Radix Technologies Inc.,2025-07-19
.stream,generic,dot Stream Limited,2025-07-19
.studio,generic,"Dog Beach, LLC",2025-07-19
.study,generic,"Registry Services, LLC",2025-07-19
.style,generic,"Binky Moon, LLC",2025-07-19
.sucks,generic,Vox Populi Registry Ltd.,2025-07-19
.supplies,generic,"Binky Moon, LLC",2025-07-19
.supply,generic,"Binky Moon, LLC",2025-07-19
.support,generic,"Binky Moon, LLC",2025-07-19
.surf,generic,"Registry Services, LLC",2025-07-19
.surgery,generic,"Binky Moon, LLC",2025-07-19
.suzuki,generic,SUZUKI MOTOR CORPORATION,2025-07-19
.swatch,generic,The Swatch Group Ltd,2025-07-19
.swiftcover,generic,Not assigned,2025-07-19
.swiss,generic,Swiss Confederation,2025-07-19
.sydney,generic,"State of New South Wales, Department of Premier and Cabinet",2025-07-19
.symantec,generic,Not assigned,2025-07-19
.systems,generic,"Binky Moon, LLC",2025-07-19
.tab,generic,Tabcorp Holdings Limited,2025-07-19
.taipei,generic,Taipei City Government,2025-07-19
.talk,generic,"Amazon Registry Services, Inc.",2025-07-19
.taobao,generic,Alibaba Group Holding Limited,2025-07-19
.target,generic,"Target Domain Holdings, LLC",2025-07-19
.tatamotors,generic,Tata Motors Ltd,2025-07-19
.tatar,generic,"Limited Liability Company ""Coordination Center of Regional Domain of Tatarstan Republic""",2025-07-19
.tattoo,generic,"Registry Services, LLC",2025-07-19
.tax,generic,"Binky Moon, LLC",2025-07-19
.taxi,generic,"Binky Moon, LLC",2025-07-19
.tci,generic,Emergency Back-End Registry Operator Program - ICANN,2025-07-19
.tdk,generic,TDK Corporation,2025-07-19
.team,generic,"Binky Moon, LLC",2025-07-19
.tech,generic,Radix Technologies Inc.,2025-07-19
.technology,generic,"Binky Moon, LLC",2025-07-19
.telecity,generic,Not assigned,2025-07-19
.telefonica,generic,Not assigned,2025-07-19
.temasek,generic,Temasek Holdings (Private) Limited,2025-07-19
.tennis,generic,"Binky Moon, LLC",2025-07-19
.teva,generic,Teva Pharmaceutical Industries Limited,2025-07-19
.thd,generic,"Home Depot Product Authority, LLC",2025-07-19
.theater,generic,"Binky Moon, LLC",2025-07-19
.theatre,generic,XYZ.COM LLC,2025-07-19
.tiaa,generic,Teachers Insurance and Annuity Association of America,2025-07-19
.tickets,generic,XYZ.COM LLC,2025-07-19
.tienda,generic,"Binky Moon, LLC",2025-07-19
.tiffany,generic,Not assigned,2025-07-19
.tips,generic,"Binky Moon, LLC",2025-07-19
.tires,generic,"Binky Moon, LLC",2025-07-19
.tirol,generic,punkt Tirol GmbH,2025-07-19
.tjmaxx,generic,"The TJX Companies, Inc.",2025-07-19
.tjx,generic,"The TJX Companies, Inc.",2025-07-19
.tkmaxx,generic,"The TJX Companies, Inc.",2025-07-19
.tmall,generic,Alibaba Group Holding Limited,2025-07-19
.today,generic,"Binky Moon, LLC",2025-07-19
.tokyo,generic,"GMO Registry, Inc.",2025-07-19
.tools,generic,"Binky Moon, LLC",2025-07-19
.top,generic,.TOP Registry,2025-07-19
.toray,generic,"Toray Industries, Inc.",2025-07-19
.toshiba,generic,TOSHIBA Corporation,2025-07-19
.total,generic,TotalEnergies SE,2025-07-19
.tours,generic,"Binky Moon, LLC",2025-07-19
.town,generic,"Binky Moon, LLC",2025-07-19
.toyota,generic,TOYOTA MOTOR CORPORATION,2025-07-19
.toys,generic,"Binky Moon, LLC",2025-07-19
.trade,generic,Elite Registry Limited,2025-07-19
.trading,generic,"Dog Beach, LLC",2025-07-19
.training,generic,"Binky Moon, LLC",2025-07-19
.travelchannel,generic,Not assigned,2025-07-19
.travelers,generic,"Travelers TLD, LLC",2025-07-19
.travelersinsurance,generic,"Travelers TLD, LLC",2025-07-19
.trust,generic,Internet Naming Co.,2025-07-19
.trv,generic,"Travelers TLD, LLC",2025-07-19
.tube,generic,Latin American Telecom LLC,2025-07-19
.tui,generic,TUI AG,2025-07-19
.tunes,generic,"Amazon Registry Services, Inc.",2025-07-19
.tushu,generic,"Amazon Registry Services, Inc.",2025-07-19
.tvs,generic,T V SUNDRAM IYENGAR  & SONS PRIVATE LIMITED,2025-07-19
.ubank,generic,National Australia Bank Limited,2025-07-19
.ubs,generic,UBS AG,2025-07-19
.uconnect,generic,Not assigned,2025-07-19
.unicom,generic,China United Network Communications Corporation Limited,2025-07-19
.university,generic,"Binky Moon, LLC",2025-07-19
.uno,generic,Radix Technologies Inc.,2025-07-19
.uol,generic,UBN INTERNET LTDA.,2025-07-19
.ups,generic,"UPS Market Driver, Inc.",2025-07-19
.vacations,generic,"Binky Moon, LLC",2025-07-19
.vana,generic,D3 Registry LLC,2025-07-19
.vanguard,generic,"The Vanguard Group, Inc.",2025-07-19
.vegas,generic,"Dot Vegas, Inc.",2025-07-19
.ventures,generic,"Binky Moon, LLC",2025-07-19
.verisign,generic,"VeriSign, Inc.",2025-07-19
.versicherung,generic,tldbox GmbH,2025-07-19
.vet,generic,"Dog Beach, LLC",2025-07-19
.viajes,generic,"Binky Moon, LLC",2025-07-19
.video,generic,"Dog Beach, LLC",2025-07-19
.vig,generic,VIENNA INSURANCE GROUP AG Wiener Versicherung Gruppe,2025-07-19
.viking,generic,Viking River Cruises (Bermuda) Ltd.,2025-07-19
.villas,generic,"Binky Moon, LLC",2025-07-19
.vin,generic,"Binky Moon, LLC",2025-07-19
.vip,generic,"Registry Services, LLC",2025-07-19
.virgin,generic,Virgin Enterprises Limited,2025-07-19
.visa,generic,Visa Worldwide Pte. Limited,2025-07-19
.vision,generic,"Binky Moon, LLC",2025-07-19
.vista,generic,Not assigned,2025-07-19
.vistaprint,generic,Not assigned,2025-07-19
.viva,generic,Saudi Telecom Company,2025-07-19
.vivo,generic,Telefonica Brasil S.A.,2025-07-19
.vlaanderen,generic,DNS.be vzw,2025-07-19
.vodka,generic,"Registry Services, LLC",2025-07-19
.volkswagen,generic,Not assigned,2025-07-19
.volvo,generic,Volvo Holding Sverige Aktiebolag,2025-07-19
.vote,generic,Monolith Registry LLC,2025-07-19
.voting,generic,Valuetainment Corp.,2025-07-19
.voto,generic,Monolith Registry LLC,2025-07-19
.voyage,generic,"Binky Moon, LLC",2025-07-19
.vuelos,generic,Not assigned,2025-07-19
.wales,generic,Nominet UK,2025-07-19
.walmart,generic,"Wal-Mart Stores, Inc.",2025-07-19
.walter,generic,Sandvik AB,2025-07-19
.wang,generic,Zodiac Wang Limited,2025-07-19
.wanggou,generic,"Amazon Registry Services, Inc.",2025-07-19
.warman,generic,Not assigned,2025-07-19
.watch,generic,"Binky Moon, LLC",2025-07-19
.watches,generic,Identity Digital Limited,2025-07-19
.weather,generic,International Business Machines Corporation,2025-07-19
.weatherchannel,generic,International Business Machines Corporation,2025-07-19
.webcam,generic,dot Webcam Limited,2025-07-19
.weber,generic,Saint-Gobain Weber SA,2025-07-19
.website,generic,Radix Technologies Inc.,2025-07-19
.wed,generic,Emergency Back-End Registry Operator Program - ICANN,2025-07-19
.wedding,generic,"Registry Services, LLC",2025-07-19
.weibo,generic,Sina Corporation,2025-07-19
.weir,generic,Weir Group IP Limited,2025-07-19
.whoswho,generic,Who's Who Registry,2025-07-19
.wien,generic,punkt.wien GmbH,2025-07-19
.wiki,generic,"Registry Services, LLC",2025-07-19
.williamhill,generic,William Hill Organization Limited,2025-07-19
.win,generic,First Registry Limited,2025-07-19
.windows,generic,Microsoft Corporation,2025-07-19
.wine,generic,"Binky Moon, LLC",2025-07-19
.winners,generic,"The TJX Companies, Inc.",2025-07-19
.wme,generic,"William Morris Endeavor Entertainment, LLC",2025-07-19
.wolterskluwer,generic,Wolters Kluwer N.V.,2025-07-19
.woodside,generic,Woodside Petroleum Limited,2025-07-19
.work,generic,"Registry Services, LLC",2025-07-19
.works,generic,"Binky Moon, LLC",2025-07-19
.world,generic,"Binky Moon, LLC",2025-07-19
.wow,generic,"Amazon Registry Services, Inc.",2025-07-19
.wtc,generic,"World Trade Centers Association, Inc.",2025-07-19
.wtf,generic,"Binky Moon, LLC",2025-07-19
.xbox,generic,Microsoft Corporation,2025-07-19
.xerox,generic,Xerox DNHC LLC,2025-07-19
.xfinity,generic,Not assigned,2025-07-19
.xihuan,generic,QIHOO 360 TECHNOLOGY CO. LTD.,2025-07-19
.xin,generic,Elegant Leader Limited,2025-07-19
.कॉम,generic,VeriSign Sarl,2025-07-19
.セール,generic,"Amazon Registry Services, Inc.",2025-07-19
.佛山,generic,"Guangzhou YU Wei Information Technology Co., Ltd.",2025-07-19
.慈善,generic,Excellent First Limited,2025-07-19
.集团,generic,Eagle Horizon Limited,2025-07-19
.在线,generic,Beijing Tld Registry Technology Limited,2025-07-19
.大众汽车,generic,Not assigned,2025-07-19
.点看,generic,VeriSign Sarl,2025-07-19
.คอม,generic,VeriSign Sarl,2025-07-19
.八卦,generic,Zodiac Gemini Ltd,2025-07-19
‏.موقع‎,generic,Helium TLDs Ltd,2025-07-19
.公益,generic,China Organizational Name Administration Center,2025-07-19
.公司,generic,China Internet Network Information Center (CNNIC),2025-07-19
.香格里拉,generic,Shangri-La International Hotel Management Limited,2025-07-19
.网站,generic,Global Website TLD Asia Limited,2025-07-19
.移动,generic,Identity Digital Limited,2025-07-19
.我爱你,generic,Tycoon Treasure Limited,2025-07-19
.москва,generic,Foundation for Assistance for Internet Technologies and Infrastructure Development (FAITID),2025-07-19
.католик,generic,Pontificium Consilium de Comunicationibus Socialibus (PCCS) (Pontifical Council for Social Communication),2025-07-19
.онлайн,generic,CORE Association,2025-07-19
.сайт,generic,CORE Association,2025-07-19
.联通,generic,China United Network Communications Corporation Limited,2025-07-19
‏.קום‎,generic,VeriSign Sarl,2025-07-19
.时尚,generic,RISE VICTORY LIMITED,2025-07-19
.微博,generic,Sina Corporation,2025-07-19
.淡马锡,generic,Temasek Holdings (Private) Limited,2025-07-19
.ファッション,generic,"Amazon Registry Services, Inc.",2025-07-19
.орг,generic,Public Interest Registry,2025-07-19
.नेट,generic,VeriSign Sarl,2025-07-19
.ストア,generic,"Amazon Registry Services, Inc.",2025-07-19
.アマゾン,generic,"Amazon Registry Services, Inc.",2025-07-19
.삼성,generic,"SAMSUNG SDS CO., LTD",2025-07-19
.商标,generic,Internet DotTrademark Organisation Limited,2025-07-19
.商店,generic,"Binky Moon, LLC",2025-07-19
.商城,generic,Zodiac Aquarius Limited,2025-07-19
.дети,generic,The Foundation for Network Initiatives “The Smart Internet”,2025-07-19
.ポイント,generic,"Amazon Registry Services, Inc.",2025-07-19
.新闻,generic,"Guangzhou YU Wei Information and Technology Co.,Ltd",2025-07-19
.工行,generic,Not assigned,2025-07-19
.家電,generic,"Amazon Registry Services, Inc.",2025-07-19
‏.كوم‎,generic,VeriSign Sarl,2025-07-19
.中文网,generic,TLD REGISTRY LIMITED,2025-07-19
.中信,generic,CITIC Group Corporation,2025-07-19
.娱乐,generic,"Binky Moon, LLC",2025-07-19
.谷歌,generic,Charleston Road Registry Inc.,2025-07-19
.電訊盈科,generic,PCCW Enterprises Limited,2025-07-19
.购物,generic,"Nawang Heli(Xiamen) Network Service Co., LTD.",2025-07-19
.クラウド,generic,"Amazon Registry Services, Inc.",2025-07-19
.通販,generic,"Amazon Registry Services, Inc.",2025-07-19
.网店,generic,Zodiac Taurus Ltd.,2025-07-19
.संगठन,generic,Public Interest Registry,2025-07-19
.餐厅,generic,Internet DotTrademark Organisation Limited,2025-07-19
.网络,generic,China Internet Network Information Center (CNNIC),2025-07-19
.ком,generic,VeriSign Sarl,2025-07-19
.亚马逊,generic,"Amazon Registry Services, Inc.",2025-07-19
.诺基亚,generic,Not assigned,2025-07-19
.食品,generic,"Amazon Registry Services, Inc.",2025-07-19
.飞利浦,generic,Koninklijke Philips N.V.,2025-07-19
.手表,generic,Not assigned,2025-07-19
.手机,generic,"Beijing RITT-Net Technology Development Co., Ltd",2025-07-19
‏.ارامكو‎,generic,Aramco Services Company,2025-07-19
‏.العليان‎,generic,Competrol (Luxembourg) Sarl,2025-07-19
‏.اتصالات‎,generic,Not assigned,2025-07-19
‏.بازار‎,generic,CORE Association,2025-07-19
‏.موبايلي‎,generic,Not assigned,2025-07-19
‏.ابوظبي‎,generic,Abu Dhabi Systems and Information Centre,2025-07-19
‏.كاثوليك‎,generic,Pontificium Consilium de Comunicationibus Socialibus (PCCS) (Pontifical Council for Social Communication),2025-07-19
‏.همراه‎,generic,Emergency Back-End Registry Operator Program - ICANN,2025-07-19
.닷컴,generic,VeriSign Sarl,2025-07-19
.政府,generic,"Net-Chinese Co., Ltd.",2025-07-19
‏.شبكة‎,generic,International Domain Registry Pty. Ltd.,2025-07-19
‏.بيتك‎,generic,Kuwait Finance House,2025-07-19
‏.عرب‎,generic,League of Arab States,2025-07-19
.机构,generic,Public Interest Registry,2025-07-19
.组织机构,generic,Public Interest Registry,2025-07-19
.健康,generic,Stable Tone Limited,2025-07-19
.招聘,generic,Jiang Yu Liang Cai Technology Company Limited,2025-07-19
.рус,generic,Rusnames Limited,2025-07-19
.珠宝,generic,Not assigned,2025-07-19
.大拿,generic,VeriSign Sarl,2025-07-19
.みんな,generic,Charleston Road Registry Inc.,2025-07-19
.グーグル,generic,Charleston Road Registry Inc.,2025-07-19
.世界,generic,Stable Tone Limited,2025-07-19
.書籍,generic,"Amazon Registry Services, Inc.",2025-07-19
.网址,generic,"KNET Co., Ltd",2025-07-19
.닷넷,generic,VeriSign Sarl,2025-07-19
.コム,generic,VeriSign Sarl,2025-07-19
.天主教,generic,Pontificium Consilium de Comunicationibus Socialibus (PCCS) (Pontifical Council for Social Communication),2025-07-19
.游戏,generic,"Binky Moon, LLC",2025-07-19
.vermögensberater,generic,Deutsche Vermögensberatung Aktiengesellschaft DVAG,2025-07-19
.vermögensberatung,generic,Deutsche Vermögensberatung Aktiengesellschaft DVAG,2025-07-19
.企业,generic,"Binky Moon, LLC",2025-07-19
.信息,generic,"Beijing Tele-info Technology Co., Ltd.",2025-07-19
.嘉里大酒店,generic,Kerry Trading Co. Limited,2025-07-19
.嘉里,generic,Kerry Trading Co. Limited,2025-07-19
.广东,generic,"Guangzhou YU Wei Information Technology Co., Ltd.",2025-07-19
.政务,generic,China Organizational Name Administration Center,2025-07-19
.xperia,generic,Not assigned,2025-07-19
.xyz,generic,XYZ.COM LLC,2025-07-19
.yachts,generic,XYZ.COM LLC,2025-07-19
.yahoo,generic,Yahoo Inc.,2025-07-19
.yamaxun,generic,"Amazon Registry Services, Inc.",2025-07-19
.yandex,generic,YANDEX LLC,2025-07-19
.yodobashi,generic,"YODOBASHI CAMERA CO.,LTD.",2025-07-19
.yoga,generic,"Registry Services, LLC",2025-07-19
.yokohama,generic,"GMO Registry, Inc.",2025-07-19
.you,generic,"Amazon Registry Services, Inc.",2025-07-19
.youtube,generic,Charleston Road Registry Inc.,2025-07-19
.yun,generic,QIHOO 360 TECHNOLOGY CO. LTD.,2025-07-19
.zappos,generic,"Amazon Registry Services, Inc.",2025-07-19
.zara,generic,"Industria de Diseño Textil, S.A. (INDITEX, S.A.)",2025-07-19
.zero,generic,"Amazon Registry Services, Inc.",2025-07-19
.zip,generic,Charleston Road Registry Inc.,2025-07-19
.zippo,generic,Not assigned,2025-07-19
.zone,generic,"Binky Moon, LLC",2025-07-19
.zuerich,generic,Kanton Zürich (Canton of Zurich),2025-07-19
